[
  {
    "Id": "397792",
    "Title": "Version for the DreamCheeky Big Red Button",
    "LatestDate": "2016-03-01T06:36:47.027-08:00"
  },
  {
    "Id": "473437",
    "Title": "Issues when trying to use Powershell script",
    "LatestDate": "2013-12-12T14:42:03.223-08:00"
  },
  {
    "Id": "542736",
    "Title": "DreamCheekyLED",
    "LatestDate": "2014-04-19T19:00:58.427-07:00"
  },
  {
    "Id": "561055",
    "Title": "Big Red Button - Source not working - Looking at wrong byte",
    "LatestDate": "2014-08-13T07:11:38.72-07:00"
  }
]