[
  {
    "Id": "920923",
    "ThreadId": "397792",
    "Html": "\r\n<p>Based on this (which is fantastic by the way) I created a version for the&nbsp;DreamCheeky Big Red Button which has a slightly different USB device ID and button status byte...</p>\r\n<p>a) Default USB device ID: 0x1D34,0x000d,0</p>\r\n<p>b) Cover is open and Button is pressed: Byte 1 value = 0x16</p>\r\n<p>Source of these values: http://files.dreamcheeky.com.s3.amazonaws.com/uploads/dc/902/Big%20Red%20Button%20-%20Developer%20Manual%20v1.0.pdf</p>\r\n<p>If all you want is an exe that works the same as described here, but for your &quot;Big Red Button&quot; you can download it here:&nbsp;http://jpelectron.com/sample/JPElectron/DreamCheekyBTN%20for%20BigRedButton.zip</p>\r\n<p>Keywords to help searchers find this:&nbsp;DreamCheeky, Big Red Button, command line, start program, custom program, custom driver, USB button</p>\r\n",
    "PostedDate": "2012-10-02T15:44:38.68-07:00",
    "UserRole": null,
    "MarkedAsAnswerDate": null
  },
  {
    "Id": "985235",
    "ThreadId": "397792",
    "Html": "\r\n<p>Excellent!&nbsp;</p>\r\n",
    "PostedDate": "2013-01-10T20:20:29.923-08:00",
    "UserRole": null,
    "MarkedAsAnswerDate": null
  },
  {
    "Id": "1031454",
    "ThreadId": "397792",
    "Html": "Thanks for doing this! Using the red button to activate the control console for my usb missile launcher, also from Dream Cheeky. I appreciate your work!<br />\n",
    "PostedDate": "2013-04-16T17:33:20.763-07:00",
    "UserRole": null,
    "MarkedAsAnswerDate": null
  },
  {
    "Id": "1131942",
    "ThreadId": "397792",
    "Html": "This is great, thank you so much!\r<br />\nUnfortunately, I can't seem to figure out how to get it to work. Double clicking the .exe opens a command prompt for second and that's about it. The Button still only responds to the Dream Cheeky software, and uninstalling got me nowhere. \r<br />\n<br />\nI guess my first issue is that I basically don't understand how to connect it to the button itself. It's a driver, correct? When I got the Big Red Button, it installed its own driver, and I'm not sure how to override it with this one, if that's what needs to be done.\r<br />\n<br />\nAnd then how exactly do you set this up to launch an .exe?\r<br />\n<br />\nI'm so sorry for the questions! I'm completely new to this and have very little to no idea what I'm doing, but I would really appreciate a little instruction, if you wouldn't mind.<br />\n",
    "PostedDate": "2013-12-04T17:44:15.407-08:00",
    "UserRole": null,
    "MarkedAsAnswerDate": null
  },
  {
    "Id": "1132286",
    "ThreadId": "397792",
    "Html": "Please see the Readme.txt file inside the .zip file...<br />\n<br />\nThe DreamCheekyBTN.exe provided is a console program, meaning it requires some parameters, for example...<br />\n<br />\nDreamCheekyBTN.exe CMD=c:\\temp\\test.bat<br />\n<br />\n...this would mean when you press the button, it will run c:\\temp\\test.bat<br />\n<br />\nWhen DreamCheekyBTN.exe is running, it's &quot;listening&quot; for the button press.  If you want to start the software every time your computer runs, you would need to make a shortcut to this .exe and include the parameters, then put this shortcut in your startup folder.<br />\n<br />\nIf you don't like that the console window is open all the time, then you need to get a copy of Visual Studio, download the source code, and modify it how you see fit.<br />\n<br />\nIt will not work if the software included from the button manufacture is running at the same time.  It's been awhile since I looked at this, but I don't believe the manufacture software even needs to be installed once (for the sake of loading any driver).  Rather, allot of the USB buttons show up as an HID device (just like a keyboard, so no special USB driver is needed) when you press the button, or open the lid, it's actually sending a special &quot;keystroke&quot; that isn't a normal keyboard key like pressing A or X, this software picks up that signal and, in turn, runs your other program specified after CMD=<br />\n",
    "PostedDate": "2013-12-05T12:21:56.35-08:00",
    "UserRole": null,
    "MarkedAsAnswerDate": null
  },
  {
    "Id": "1143620",
    "ThreadId": "397792",
    "Html": "Thanks so much for responding! I'm working with Visual Studio 2013, and the button works and responds when tested with that program in debug mode, but when saved and then used outside of Visual Studio, it doesn't seem to work. In Visual Studio, I can't seem to get it out of debug mode. The solution configurations drop down menu is greyed out and I can't get it to release. Could that be the problem?<br />\n",
    "PostedDate": "2013-12-28T19:26:04.313-08:00",
    "UserRole": null,
    "MarkedAsAnswerDate": null
  },
  {
    "Id": "1143889",
    "ThreadId": "397792",
    "Html": "See both answers under this question: <a href=\"http://stackoverflow.com/questions/1246319/why-are-the-configuration-options-not-available-in-visual-studio-2008\" rel=\"nofollow\">http://stackoverflow.com/questions/1246319/why-are-the-configuration-options-not-available-in-visual-studio-2008</a><br />\n",
    "PostedDate": "2013-12-30T07:15:30.78-08:00",
    "UserRole": null,
    "MarkedAsAnswerDate": null
  },
  {
    "Id": "1225568",
    "ThreadId": "397792",
    "Html": "So I've got the button and DreamCheekyBTN.exe and AHK all installed, I must be really close to having it working, but for the life of me can't get the button to send a macro that presses [X][E][E][E]. I imagine I'm screwing up the device id in the AHK file. I've found the button in my device manager, but don't know what I need to put in the AHK file. Any help?<br />\n<br />\nHere's my AHK<br />\n<pre><code>Run, C:\\DreamCheekyButton\\DreamCheekyBTN\\DreamCheekyBTN.exe device=&quot;0x1D34,0x000d,0&quot; MACRO=&quot;xeee&quot; ;,,Hide\n;Above will start the DreamCheekyBTN program to listen for button presses and convert them to [X][E][E][E]\n;Change ;,,Hide to just ,,Hide to start program in hidden mode.</code></pre>\n\nEDIT: Never mind, somehow I got it to work! <br />\n<br />\nCurrent code<br />\n<pre><code>Run, C:\\DreamCheekyButton\\DreamCheekyBTN\\DreamCheekyBTN.exe MACRO=xeee ,,Hide\n;Above will start the DreamCheekyBTN program to listen for button presses and convert them to [X][E][E][E]\n;Change ;,,Hide to just ,,Hide to start program in hidden mode.</code></pre>\n\nI guess removing device did the trick. Hopefully it works when I plug into a different usb port/usb hub.<br />\n<br />\nEDIT 2: Now I have another problem. The application I'm trying to use it for doesn't register the keystrokes, I imagine it has to do with the lack of delay between the strokes. Is there a way to insert a delay (~10 ms) between xeee.<br />\n",
    "PostedDate": "2014-03-22T12:00:10.197-07:00",
    "UserRole": null,
    "MarkedAsAnswerDate": null
  },
  {
    "Id": "1225628",
    "ThreadId": "397792",
    "Html": "Not sure what you're trying to do...\r<br />\n<br />\n1) use AHK to detect &quot;xeee&quot; and then run DreamCheekyBTN.exe monitor, so you could press the button and do something else?\r<br />\nor\r<br />\n2) press the red button and then have it type &quot;xeee&quot; for you?\r<br />\n<br />\n...not sure why AHK software is involved here for #2, as you don't need it, just run the button monitor and it can send the keystrokes for you...\r<br />\n<br />\nDreamCheekyBTN.exe MACRO=xeee<br />\n",
    "PostedDate": "2014-03-22T20:00:42.8-07:00",
    "UserRole": null,
    "MarkedAsAnswerDate": null
  },
  {
    "Id": "1225630",
    "ThreadId": "397792",
    "Html": "Scenario 2. \r<br />\n<br />\nMy exact application for it will be as an &quot;eject button&quot; in the new game Titanfall, where you pilot giant mechs/robots and need to eject when your mech is about to die. The way to eject in Titanfall is to hit &quot;x&quot; to initiate it then hit &quot;e&quot; three times to complete the action and launch from the cockpit. All I want the button to do is to input xeee while playing that game.\r<br />\n<br />\nI got the button to input xeee, but the game couldn't detect it, but my other macros for it do. The only difference between what I got the button to do and my other macro is delay between keystrokes. My Corsair K95's macro has a 10 ms delay between each keystroke in xeee. The game doesn't even detect the 'x'. I don't even need the button to input a &quot;key release&quot; state, only key actuation. Does that make sense?\r<br />\n<br />\nThanks for the response btw.<br />\n",
    "PostedDate": "2014-03-22T20:08:15.757-07:00",
    "UserRole": null,
    "MarkedAsAnswerDate": null
  },
  {
    "Id": "1225632",
    "ThreadId": "397792",
    "Html": "Cool idea, if you want to use AHK take a look at: <a href=\"http://www.autohotkey.com/docs/commands/SetKeyDelay.htm\" rel=\"nofollow\">http://www.autohotkey.com/docs/commands/SetKeyDelay.htm</a>\r<br />\n<br />\nThere is also another way, not requiring AHK, perhaps better...\r<br />\n<br />\nDreamCheekyBTN.exe CMD=myfile.vbs\r<br />\nFor examples of what to put in myfile.vbs\r<br />\nsee: <a href=\"http://ss64.com/vb/sendkeys.html\" rel=\"nofollow\">http://ss64.com/vb/sendkeys.html</a>\r<br />\nor: <a href=\"http://msdn.microsoft.com/en-us/library/8c6yea83(v=vs.84).aspx\" rel=\"nofollow\">http://msdn.microsoft.com/en-us/library/8c6yea83(v=vs.84).aspx</a>\r<br />\n<br />\nor with the script host...\r<br />\nDreamCheekyBTN.exe CMD=wscript myfile.vbs\r<br />\nsee: <a href=\"http://technet.microsoft.com/en-us/library/ee156587.aspx\" rel=\"nofollow\">http://technet.microsoft.com/en-us/library/ee156587.aspx</a>\r<br />\n<br />\nThe issue might not be the delay, but simply trying to send ANY keystrokes to the Titanfall game via software (as opposed to the hardware/real keyboard input)  I seem to remember some games having a protection against software keystrokes to prevent cheating.  If that is true, you might have to make a purely hardware device; off the top of my head...\r<br />\na) Wire a SPST pushbutton into an arduino, which will then &quot;press&quot; the keys, code example: <a href=\"http://arduino.cc/en/Reference/MouseKeyboard\" rel=\"nofollow\">http://arduino.cc/en/Reference/MouseKeyboard</a>\r<br />\nb) Wire a SPST pushbutton to a series of relays, which would &quot;short&quot; the pins for X followed be E three times on a taken-apart keyboard, example: <a href=\"http://computer.howstuffworks.com/keyboard2.htm\" rel=\"nofollow\">http://computer.howstuffworks.com/keyboard2.htm</a><br />\n",
    "PostedDate": "2014-03-22T20:29:40.527-07:00",
    "UserRole": null,
    "MarkedAsAnswerDate": null
  },
  {
    "Id": "1225634",
    "ThreadId": "397792",
    "Html": "I'll try the soft stuff for sure. I hadn't thought about anti-cheat though, that's a good point. Modifying hardware is a bit too involved for me. Thanks for the tips though.<br />\n",
    "PostedDate": "2014-03-22T20:43:14.86-07:00",
    "UserRole": null,
    "MarkedAsAnswerDate": null
  },
  {
    "Id": "1235807",
    "ThreadId": "397792",
    "Html": "FYI, I submitted a Pull Request to merge support for the Big Red Button into the original codebase so that it will support both types of buttons.\r<br />\n<br />\nNow off to play with the DreamCheekyLED...<br />\n",
    "PostedDate": "2014-04-19T19:27:35.86-07:00",
    "UserRole": null,
    "MarkedAsAnswerDate": null
  },
  {
    "Id": "1235968",
    "ThreadId": "397792",
    "Html": "Hi guys!\r<br />\n<br />\nI was about to buy this USB button, but then I realized nowhere says it supports Mac.\r<br />\nSo I would like to know if OSX recognizes the button as a keyboard, as I would like to use it only as a keystroke (one key only)?<br />\n",
    "PostedDate": "2014-04-20T14:51:28.967-07:00",
    "UserRole": null,
    "MarkedAsAnswerDate": null
  },
  {
    "Id": "1236015",
    "ThreadId": "397792",
    "Html": "OS X does NOT recognize it as a keyboard, but I have a MacBook, so let me see what I can do… pretty sure I can make this work for you.<br />\n",
    "PostedDate": "2014-04-20T19:10:35.903-07:00",
    "UserRole": null,
    "MarkedAsAnswerDate": null
  },
  {
    "Id": "1236075",
    "ThreadId": "397792",
    "Html": "Thank you! I am using Lion (10.8.5) if it helps.<br />\n",
    "PostedDate": "2014-04-21T02:00:12.13-07:00",
    "UserRole": null,
    "MarkedAsAnswerDate": null
  },
  {
    "Id": "1241377",
    "ThreadId": "397792",
    "Html": "Hi SomeSauce,<br />\n<br />\nSo I was able to port this from using HidLibrary to HidSharp, which is cross-platform. It works, but being a .NET command-line utility, it requires Mono be installed to run it from the command-line. Not incredibly user-friendly but when I finish cleaning it up I will make it available.<br />\n<br />\nI'm also going to see if I can turn the DreamCheekyBTN program into a small Mac app with a little menu bar icon while it's running. That would be a lot easier to use.<br />\n<br />\n<br />\nIncidentally, I also got the DreamCheekyLED program ported, with one limitation… I can't seem to get the System.Drawing.Color.FromName() call to work on a Mac, so for now, you can only turn the LED on with an RGB setting or off… no blinking or fading since those require a System color. I have a few ideas for workarounds that I will try tomorrow evening.<br />\n",
    "PostedDate": "2014-05-04T20:33:40.903-07:00",
    "UserRole": null,
    "MarkedAsAnswerDate": null
  },
  {
    "Id": "1241431",
    "ThreadId": "397792",
    "Html": "Hello PiperMatt,\r<br />\n<br />\nThank you a lot for your work. It seems like you figured out a lot already.\r<br />\nMenu bar app sounds amazing, but command-line is fine, too. \r<br />\n<br />\nMy button is on its way, I ordered it the day I first posted here. \r<br />\n<br />\nTake your time, and hear you later.<br />\n",
    "PostedDate": "2014-05-05T01:20:24.567-07:00",
    "UserRole": null,
    "MarkedAsAnswerDate": null
  },
  {
    "Id": "1242180",
    "ThreadId": "397792",
    "Html": "I now have all functionality of both the DreamCheekyLED and DreamCheekyBTN programs working on Mac. \r<br />\n<br />\nIn the process of doing that, I discovered that while Windows uses 9 bytes to communicate over the USB connection, it appears Mac OS X only works with 8 byte messages... so I now need to circle back and use System.Environment.OSVersion.Platform to determine what platform the code is running on and send the correctly-sized control messages.\r<br />\n<br />\nOnce that is done, theoretically the same executable will run on Windows, Mac &amp; Linux without recompiling.\r<br />\n<br />\n(Incidentally, I'm planning to use my DreamCheekyLED as a Jenkins Build Status Notifier... so I'm also working on a DreamCheekyWS (web service) that will run on my development machine. This will allow my Jenkins Build server (in my server room) to control the DreamCheekyLED sitting on my desk (NOT in the server room) to indicate the status of the build. Nifty! I'll share that when it is complete as well.)\r<br />\n<br />\nLastly, I looked into the OS X menu bar app... definitely doable. I found a great sample that I can use as a starting point.<br />\n",
    "PostedDate": "2014-05-06T10:08:54.923-07:00",
    "UserRole": null,
    "MarkedAsAnswerDate": null
  },
  {
    "Id": "1244362",
    "ThreadId": "397792",
    "Html": "Hi,\r<br />\nmy button has just arrived.\r<br />\n<br />\nWhat is the progress? Do you maybe have something to send me I can test out on my Mac?\r<br />\n<br />\nThanks!<br />\n",
    "PostedDate": "2014-05-12T06:52:10.25-07:00",
    "UserRole": null,
    "MarkedAsAnswerDate": null
  },
  {
    "Id": "1244379",
    "ThreadId": "397792",
    "Html": "Definitely! I can post the command-line source &amp; executable when I get home from work tonight. Right now I'm using the HIDLibrary DLL, so for now you will need both the DreamCheekyBTN.EXE and HidLibrary.DLL files. <br />\n<br />\nI do have the HIDLibrary source, so I can include it in the project so there will be no external DLL required. Just haven't done it yet. That part should only take a minute or two.<br />\n<br />\nEDIT: I <em>DID</em> test it on my MacBook and was able to use the BigRedButton to launch a program. Hopefully it works for you without issues.<br />\n",
    "PostedDate": "2014-05-12T07:21:17.173-07:00",
    "UserRole": null,
    "MarkedAsAnswerDate": null
  },
  {
    "Id": "1244383",
    "ThreadId": "397792",
    "Html": "Awesome, I'll check it out when you post it.<br />\n",
    "PostedDate": "2014-05-12T07:29:23.327-07:00",
    "UserRole": null,
    "MarkedAsAnswerDate": null
  },
  {
    "Id": "1244649",
    "ThreadId": "397792",
    "Html": "I have updated my fork with the code changes… I discovered that I may not have the Windows compatibility sorted out yet. I will fix it eventually… but for now, the Windows folks can use Greg's original code so it's not incredibly pressing.<br />\n<br />\nIf you don't want to build it from the source, you can download the release version of the executable here:<br />\n<br />\n<a href=\"https://www.dropbox.com/s/3xmsr8cw02dfkl3/DreamCheekyBTN.zip\" rel=\"nofollow\">https://www.dropbox.com/s/3xmsr8cw02dfkl3/DreamCheekyBTN.zip</a><br />\n<br />\nI need to update the Readme as well… it still mentions HidLibrary. I need to update it to reflect HidSharp and it's license information. Lastly, if anyone wants a Mac-compatible executable for the DreamCheekyLED let me know. That one works too.<br />\n<br />\n<br />\nEDIT: I <em>did</em> go ahead and include the HidSharp source so that the .EXE is all you need. Well, all you need besides the Mono runtime.<br />\n",
    "PostedDate": "2014-05-12T20:25:03.497-07:00",
    "UserRole": null,
    "MarkedAsAnswerDate": null
  },
  {
    "Id": "1244700",
    "ThreadId": "397792",
    "Html": "Thanks a lot man!\r<br />\n<br />\nHowever, I still need some guidance.\r<br />\n<br />\nI ran executable through terminal with mono command. \r<br />\nI managed to set it to run an app or file!! It really worked, it detects the button just fine, and I find it interesting that it can detect closing and opening the lid, too.\r<br />\nWhile setting it to output a keystroke with MACRO command, I had no success. In terminal window I can see 'Sending keys: ...', but no application detects it.\r<br />\n<br />\nPlease could you tell me what I can do, because I'm probably doing something wrong.<br />\n",
    "PostedDate": "2014-05-13T00:54:56.64-07:00",
    "UserRole": null,
    "MarkedAsAnswerDate": null
  },
  {
    "Id": "1244770",
    "ThreadId": "397792",
    "Html": "Ahhhh my apologies. Clearly I neglected to test that portion of the code very well. I was so focused making sure the USB communication worked, I didn't pay enough attention to that.\r<br />\n<br />\nSorry for any frustration that caused… let me take a look.<br />\n",
    "PostedDate": "2014-05-13T04:53:57.557-07:00",
    "UserRole": null,
    "MarkedAsAnswerDate": null
  },
  {
    "Id": "1244792",
    "ThreadId": "397792",
    "Html": "Ahhhh so yes, I must have completely overlooked this, because the DreamCheekyBTN application uses Mono's System.Windows.Forms.SendKeys() to send the keystrokes set up with the MACRO command. Unfortunately, System.Windows.Forms.SendKeys() is not implemented on Mac OS X.<br />\n<br />\nI have found some possible solutions, but I have to head to work. I will play with it some more late tonight.<br />\n<br />\nEDIT: I found a way to do this via Apple's native Objective-C, so I should be able to create an Objective-C library that I can call from C#.<br />\n",
    "PostedDate": "2014-05-13T05:33:18.3-07:00",
    "UserRole": null,
    "MarkedAsAnswerDate": null
  },
  {
    "Id": "1244795",
    "ThreadId": "397792",
    "Html": "You don't have to apologize for anything. I don't want to take too much of your time, do it when you can, there's no hurry. \r<br />\nAnd thank you once again.<br />\n",
    "PostedDate": "2014-05-13T05:42:26.557-07:00",
    "UserRole": null,
    "MarkedAsAnswerDate": null
  },
  {
    "Id": "1244798",
    "ThreadId": "397792",
    "Html": "Oh no worries. I'm enjoying the challenge / learning new things. It's always more rewarding to learn new things when someone else is benefiting from your learning, rather than purely academic exercises.\r<br />\n<br />\nAnd as they say, &quot;Necessity is the mother of invention&quot; and stuff. :)<br />\n",
    "PostedDate": "2014-05-13T05:50:29.97-07:00",
    "UserRole": null,
    "MarkedAsAnswerDate": null
  },
  {
    "Id": "1249657",
    "ThreadId": "397792",
    "Html": "Hi Piper, \r<br />\ndo you have any news?<br />\n",
    "PostedDate": "2014-05-26T06:51:47.93-07:00",
    "UserRole": null,
    "MarkedAsAnswerDate": null
  },
  {
    "Id": "1279802",
    "ThreadId": "397792",
    "Html": "I think I got my photo booth button!<br />\n",
    "PostedDate": "2014-07-31T18:52:20.557-07:00",
    "UserRole": null,
    "MarkedAsAnswerDate": null
  },
  {
    "Id": "1321893",
    "ThreadId": "397792",
    "Html": "Hey, excuse me. Really sorry for bothering you guys, but I can't seem to get my button to work. I'm having the &quot;CMD window pops-up, then goes away 0.25 seconds later.&quot; issue, and I've read the ReadMe file at least 15 times, ive gone over the replies at the top of this page, and here's where I am:<br />\n<blockquote>\nI have read the ReadMe.txt thoroughly.<br />\nI understand that the DreamCheekyBTN.exe is a &quot;Command Line&quot; program.<br />\nI understand that the above statement means the program needs a command to run properly.<br />\nI understand that the syntax for an example command is &quot;DreamCheekyBTN.exe debug MACRO=ASDF~&quot;.<br />\n<br />\nI have absolutely no idea where to put this command.<br />\n</blockquote>\nDo I put it in the command window? Because that closes immediately like I was saying.\r<br />\nDo I put it in a batch file that runs the DreamCheekyBTN.exe from its code?\r<br />\nThere is no &quot;target&quot; property when I right click the .exe, so I can't put it there.\r<br />\n<br />\n<br />\nAll help is greatly appreciated. Sorry again...<br />\n",
    "PostedDate": "2014-11-13T11:49:45.093-08:00",
    "UserRole": null,
    "MarkedAsAnswerDate": null
  },
  {
    "Id": "1458914",
    "ThreadId": "397792",
    "Html": "question - does the command line exe include an option to perform an event when the cover is opened or closed?<br />\n",
    "PostedDate": "2016-01-12T04:58:28.69-08:00",
    "UserRole": null,
    "MarkedAsAnswerDate": null
  },
  {
    "Id": "1461673",
    "ThreadId": "397792",
    "Html": "I also have the issue with the Command prompt immediately closing. There is no easily identifiable place to input the parameters required for the program to function correctly. I would really appreciate a solution here. Sorry if it's a bother, but if anyone knows how to set parameters, could they please post a guide.<br />\nEdit: I found some instructions online. I'm putting them here in case anyone wants them.<br />\n<ol>\n<li>Plug in the device and install the drivers.</li>\n<li>Open and unzip the file into a folder.</li>\n<li>Open Notepad and type in a command, eg. DreamCheekyBTN.exe CMD=calc</li>\n<li>Save as a .bat file into the same folder as the .exe.</li>\n<li>Double-click on the .bat file,</li>\n<li>Press the button.</li>\n</ol>\n",
    "PostedDate": "2016-02-02T02:36:57.603-08:00",
    "UserRole": null,
    "MarkedAsAnswerDate": null
  },
  {
    "Id": "1465110",
    "ThreadId": "397792",
    "Html": "<strong>mixedmsgs wrote:</strong><br />\n<blockquote>\nquestion - does the command line exe include an option to perform an event when the cover is opened or closed?<br />\n</blockquote>\nI also very much want a way to recognize when the door is open. \r<br />\n<br />\nThere's a different 'kesytroke' the HID sends when the door is open. Just a second executable could do the trick. \r<br />\n<br />\nExample would be you run DreamCheekyBTN.exe (Command 1)\r<br />\nand DreamCheekyBTN_LID.exe (Command 2)\r<br />\n<br />\nThus when you open the button Command 1 runs to play an alert sound, then pressing the button (Command 1) executes some action and turns off the alert sound.\r<br />\n<br />\n<br />\n JPElectron's last reply was in 2014, so it would be pretty remarkable if he came back to tweak it for us. \r<br />\n<br />\nAnyone else have an idea on how to reverse engineer this exe to create a LID version?<br />\n",
    "PostedDate": "2016-03-01T06:36:47.027-08:00",
    "UserRole": null,
    "MarkedAsAnswerDate": null
  }
]