[
  {
    "Id": "1135280",
    "ThreadId": "473437",
    "Html": "Not sure if anyone is actively watching this anymore, but I'm trying to use a powershell script to interact with the Dream Cheeky LED notifier and am having problems.\r<br />\n<br />\nWhen I use the DreamCheekyLED.exe via command line it works fine - no problems at all. However, when I try to test the included powershell script I have problems.\r<br />\n<br />\nWhen I run the script (after editing it to reflect the location of DreamCheekyLED.exe) I get the following errors: <br />\n<pre><code>New-Object : Exception calling &quot;.ctor&quot; with &quot;1&quot; argument(s): &quot;Cannot find USB HID Device with \nDevicePath=\\\\?\\hid#vid_1d34&amp;pid_0004#6&amp;1067c3dc&amp;0&amp;0000#{4d1e55b2-f16f-11cf-88cb-001111000030}&quot;\nAt C:\\Users\\Rob\\Desktop\\DreamCheekyLED\\DreamCheekyLED.ps1:22 char:9\n+     $led = New-Object -TypeName DreamCheekyUSB.DreamCheekyLED (,$argArray)\n+            ~~~~~~~~~~~~~~~~~~~~~~~~~~~~~~~~~~~~~~~~~~~~~~~~~~~~~~~~~~~~~~~\n    + CategoryInfo          : InvalidOperation: (:) [New-Object], MethodInvocationException\n    + FullyQualifiedErrorId : ConstructorInvokedThrowException,Microsoft.PowerShell.Commands.NewObjectCommand\n \nYou cannot call a method on a null-valued expression.\nAt C:\\Users\\Rob\\Desktop\\DreamCheekyLED\\DreamCheekyLED.ps1:29 char:1\n+ $led.TestBlink();\n+ ~~~~~~~~~~~~~~~~\n    + CategoryInfo          : InvalidOperation: (:) [], RuntimeException\n    + FullyQualifiedErrorId : InvokeMethodOnNull\n \nYou cannot call a method on a null-valued expression.\nAt C:\\Users\\Rob\\Desktop\\DreamCheekyLED\\DreamCheekyLED.ps1:40 char:1\n+ $led.Off()\n+ ~~~~~~~~~~\n    + CategoryInfo          : InvalidOperation: (:) [], RuntimeException\n    + FullyQualifiedErrorId : InvokeMethodOnNull</code></pre>\n\nSo I tried working backwards and uncommented this line:<br />\n<pre><code>[HidLibrary.HidDevices]::Enumerate() | where { $_.Attributes.VendorHexId -eq &quot;0x1D34&quot; }| ft isConnected,isOpen,Description -AutoSize</code></pre>\n\nand tracked down the problem. I get &quot;IsConnected=True&quot; and &quot;IsOpen=False&quot;. I'm not sure what is causing this because as I mentioned, the exe works fine from the command line. I've tried it in Powershell (3.0) and Powershell ISE (3.0) - same problem.\r<br />\n<br />\nI'm not a programmer so checking out the source code of the exe isn't an option for me. Does anyone have any suggestions or workaroundsarounds for this problem?\r<br />\n<br />\nThanks!<br />\n",
    "PostedDate": "2013-12-12T14:42:03.223-08:00",
    "UserRole": null,
    "MarkedAsAnswerDate": null
  }
]