[
  {
    "Id": "1289679",
    "ThreadId": "561055",
    "Html": "Hi, I wanted to use the DreamCheeky Big Red USB Button to perfom a number of different actions based on the lid and button state. I downloaded the compiled versions but couldn't get any of them to work. So I downloaded the source, specifically the modified version by PiperMatt. Fired it up in Visual Studio 2013 and enabled some tracing to see why it wasn't working. By not working I mean it recognised he device being present, but didn't detect any changes in state.\r<br />\n<br />\nWhen the code reads the state of the button I get back:\r<br />\nRead Data=00-15-00-00-00-00-00-00-03\r<br />\n<br />\nYet the code in DreamCheekyBigRedBTN.cs and DreamCheekyBTN.cs are looking at the leftmost byte of that returned data, i.e:\r<br />\nreturn data[0] == Messages.LID_OPEN;\r<br />\n:\r<br />\nchanging this (and other references to data[0] to data[1] i.e\r<br />\nreturn data[1] == Messages.LID_OPEN;\r<br />\n<br />\nFixed the problem and got it working. Great!\r<br />\n<br />\nI'm a bit new to codeplex and Git so didn't want to submit my changes back without some further understanding as to why the original values had been picked. I see part of the forked code was to change the HID library to one that was x-platform. I'm not sure if the change in library caused the problem, or if on another platform if the value that we care about is in data[0].\r<br />\n<br />\nInterested in some feedback here, and if I should fork again and submit?<br />\n",
    "PostedDate": "2014-08-13T07:11:38.72-07:00",
    "UserRole": null,
    "MarkedAsAnswerDate": null
  }
]