[
  {
    "Id": "0",
    "Name": "DreamCheekyUSB V1.0",
    "DevelopmentStatus": "Beta",
    "Description": "You can control the LED using either DreamCheekyLED.exe with command line arguments or via C#/VB/Powershell using the DreamCheekyUSB.DreamCheekyLED object. The code supports multiple devices and has options for blinking and fading. See DreamCheekyLED.exe for command line examples or the DreamCheekyLED*.ps1 files for powershell examples. \n\nThe DreamCheekyBTN.exe has command line arguments that will let you run a program whenever the button is pressed or convert the button press events into a keyboard macro that can perform an action or be picked up by other programs\nlike AutoHotKey. The code should also support multiple devices, and can be run multiple times for additional triggers. See DreamCheekyBTN.exe for command line examples or the AutoHotKey.ahk file for a sample AutoHotKey script.",
    "ReleasedDatge": "0001-01-01T00:00:00",
    "ModifiedDate": "2012-09-07T15:07:59.393-07:00",
    "Files": [
      {
        "Id": "be36a49c-ee38-4734-95da-b254b214b592",
        "FileName": "DreamCheekyBTN.zip",
        "Url": "./0/be36a49c-ee38-4734-95da-b254b214b592",
        "Type": "Application",
        "UploadDate": "2012-09-07T15:07:58.597-07:00"
      },
      {
        "Id": "e5cef8f2-8ab9-4622-8fd1-031c9f44acda",
        "FileName": "DreamCheekyLED.zip",
        "Url": "./0/e5cef8f2-8ab9-4622-8fd1-031c9f44acda",
        "Type": "Application",
        "UploadDate": "2012-09-07T15:07:58.613-07:00"
      }
    ]
  }
]