[
  {
    "Title": "Home",
    "Id": "1906091",
    "ParentWikiTitle": "Home",
    "FileExtension": "codeplexwiki",
    "UpdatedDate": "2017-03-31T14:00:43.03-07:00",
    "FileAttachments": []
  },
  {
    "Title": "DreamCheekyLED",
    "Id": "664741",
    "ParentWikiTitle": "Documentation",
    "FileExtension": "codeplexwiki",
    "UpdatedDate": "2012-12-06T17:37:45.903-08:00",
    "FileAttachments": []
  },
  {
    "Title": "Documentation",
    "Id": "626119",
    "ParentWikiTitle": "Documentation",
    "FileExtension": "codeplexwiki",
    "UpdatedDate": "2012-09-10T08:21:18.797-07:00",
    "FileAttachments": []
  },
  {
    "Title": "DreamCheekyBTN",
    "Id": "626118",
    "ParentWikiTitle": "Documentation",
    "FileExtension": "codeplexwiki",
    "UpdatedDate": "2012-09-10T08:20:53.737-07:00",
    "FileAttachments": []
  }
]
